source,target,DISTANCE
0,1,0.031088107220007592
1,2,0.0850160342952471
